,time,tavg,tmin,tmax,prcp,snow,wdir,wspd,wpgt,pres,tsun,Year,Month,Day
0,2023-01-01,8.9,2.6,11.5,1.1,0.0,267.0,10.6,,1011.8,,2023,1,01
1,2023-01-02,4.2,-0.7,11.5,0.0,0.0,324.0,3.0,,1019.5,,2023,1,02
2,2023-01-03,8.8,6.0,13.7,12.7,0.0,343.0,5.1,,1014.5,,2023,1,03
3,2023-01-04,14.9,11.0,19.3,6.2,0.0,233.0,9.0,,1010.1,,2023,1,04
4,2023-01-05,8.4,6.0,9.3,0.6,0.0,56.0,8.2,,1014.0,,2023,1,05
5,2023-01-06,6.2,4.3,8.7,14.3,0.0,17.0,4.9,,1015.7,,2023,1,06
6,2023-01-07,3.1,-0.2,7.6,0.0,0.0,313.0,4.1,,1020.3,,2023,1,07
7,2023-01-08,-0.4,-2.9,3.7,0.0,0.0,341.0,4.2,,1024.4,,2023,1,08
8,2023-01-09,2.1,-1.8,6.5,0.0,0.0,324.0,4.8,,1013.9,,2023,1,09
9,2023-01-10,3.1,-1.3,6.0,0.0,0.0,335.0,6.7,,1016.4,,2023,1,10
10,2023-01-11,1.8,-0.2,4.3,0.0,0.0,50.0,8.4,,1023.8,,2023,1,11
11,2023-01-12,5.5,1.5,13.7,10.1,0.0,84.0,9.1,,1018.4,,2023,1,12
12,2023-01-13,10.0,2.6,14.3,4.5,0.0,225.0,17.3,,1002.2,,2023,1,13
13,2023-01-14,0.1,-1.8,1.5,0.0,0.0,353.0,22.0,,1010.2,,2023,1,14
14,2023-01-15,0.3,-1.8,3.7,0.0,0.0,344.0,18.6,,1016.0,,2023,1,15
15,2023-01-16,0.9,-2.9,5.4,0.0,0.0,324.0,13.7,,1011.6,,2023,1,16
16,2023-01-17,2.5,-1.8,6.0,0.2,0.0,276.0,6.0,,1005.7,,2023,1,17
17,2023-01-18,7.1,1.0,11.0,0.0,0.0,283.0,12.2,,1008.3,,2023,1,18
18,2023-01-19,2.9,-0.7,4.8,18.7,0.0,34.0,4.7,,1012.7,,2023,1,19
19,2023-01-20,5.7,4.3,8.2,1.7,0.0,275.0,10.8,,1004.8,,2023,1,20
20,2023-01-21,3.0,1.5,4.8,0.0,0.0,351.0,9.4,,1019.6,,2023,1,21
21,2023-01-22,3.0,1.5,5.4,6.8,0.0,134.0,7.1,,1018.9,,2023,1,22
22,2023-01-23,2.6,1.5,4.3,16.1,0.0,330.0,11.6,,1003.7,,2023,1,23
23,2023-01-24,3.4,1.5,6.0,0.0,0.0,279.0,14.6,,1019.0,,2023,1,24
24,2023-01-25,2.6,-1.3,8.7,23.9,0.0,73.0,10.1,,1020.1,,2023,1,25
25,2023-01-26,7.4,3.7,14.3,16.7,0.0,257.0,18.9,,1001.9,,2023,1,26
26,2023-01-27,1.7,-1.8,6.0,0.0,0.0,288.0,5.8,,1018.3,,2023,1,27
27,2023-01-28,5.3,-2.4,10.4,0.0,0.0,243.0,11.0,,1023.3,,2023,1,28
28,2023-01-29,5.5,-0.2,11.0,0.0,0.0,265.0,6.7,,1022.7,,2023,1,29
29,2023-01-30,5.9,-0.7,12.1,0.0,0.0,323.0,4.6,,1020.0,,2023,1,30
30,2023-01-31,1.2,-2.4,6.0,1.1,0.0,9.0,12.6,,1022.1,,2023,1,31
31,2023-02-01,-1.0,-5.2,2.1,0.2,0.0,346.0,7.4,,1024.1,,2023,2,01
32,2023-02-02,-1.0,-6.8,4.3,0.0,0.0,265.0,9.3,,1018.7,,2023,2,02
33,2023-02-03,-6.2,-15.7,1.0,0.0,0.0,292.0,23.4,,1015.2,,2023,2,03
34,2023-02-04,-12.7,-20.2,-5.7,0.0,0.0,294.0,8.8,,1033.2,,2023,2,04
35,2023-02-05,2.5,-4.0,10.4,0.0,0.0,219.0,10.1,,1021.1,,2023,2,05
36,2023-02-06,3.2,-2.4,10.4,0.0,0.0,347.0,10.9,,1017.5,,2023,2,06
37,2023-02-07,0.9,-5.7,4.8,4.2,0.0,44.0,7.3,,1024.8,,2023,2,07
38,2023-02-08,4.1,-0.7,11.0,0.0,0.0,329.0,5.6,,1021.8,,2023,2,08
39,2023-02-09,4.4,-3.5,10.4,0.0,0.0,69.0,5.6,,1020.9,,2023,2,09
40,2023-02-10,11.3,7.1,14.8,0.0,0.0,277.0,18.2,,1011.1,,2023,2,10
41,2023-02-11,3.4,-2.4,7.6,0.0,0.0,305.0,12.7,,1022.9,,2023,2,11
42,2023-02-12,2.6,-5.2,9.3,0.0,0.0,10.0,2.6,,1017.6,,2023,2,12
43,2023-02-13,7.5,3.7,12.6,0.0,0.0,5.0,8.5,,1003.0,,2023,2,13
44,2023-02-14,7.0,0.4,12.6,0.0,0.0,295.0,11.2,,1015.7,,2023,2,14
45,2023-02-15,10.7,0.4,17.1,0.0,0.0,202.0,12.5,,1016.4,,2023,2,15
46,2023-02-16,15.2,9.3,19.8,0.7,0.0,236.0,9.9,,1014.1,,2023,2,16
47,2023-02-17,9.5,-1.3,16.0,3.4,0.0,269.0,16.8,,1005.4,,2023,2,17
48,2023-02-18,0.3,-4.6,5.4,0.0,0.0,294.0,9.5,,1024.6,,2023,2,18
49,2023-02-19,4.3,-1.3,8.2,0.0,0.0,160.0,8.3,,1023.6,,2023,2,19
50,2023-02-20,7.6,0.4,15.4,0.0,0.0,339.0,7.3,,1006.7,,2023,2,20
51,2023-02-21,4.3,-1.3,7.1,3.6,0.0,29.0,6.7,,1004.9,,2023,2,21
52,2023-02-22,2.0,-2.9,5.4,2.9,0.0,2.0,3.8,,1018.4,,2023,2,22
53,2023-02-23,2.6,2.1,3.7,4.7,0.0,61.0,9.8,,1013.4,,2023,2,23
54,2023-02-24,2.1,-5.2,6.5,1.1,0.0,333.0,15.1,,1022.8,,2023,2,24
55,2023-02-25,-5.4,-8.5,-2.9,1.1,0.0,10.0,4.1,,1028.7,,2023,2,25
56,2023-02-26,-2.9,-10.2,4.3,0.0,0.0,310.0,6.2,,1012.9,,2023,2,26
57,2023-02-27,0.1,-6.8,5.4,3.9,0.0,44.0,8.1,,1013.3,,2023,2,27
58,2023-02-28,0.6,-1.8,2.6,9.1,80.0,28.0,8.1,,1008.7,,2023,2,28
59,2023-03-01,0.9,-6.8,6.0,0.7,80.0,50.0,5.4,,1018.8,,2023,3,01
60,2023-03-02,5.5,2.6,12.1,3.5,50.0,321.0,9.9,,1006.9,,2023,3,02
61,2023-03-03,3.9,-1.8,8.2,1.5,0.0,46.0,11.3,,1015.1,,2023,3,03
62,2023-03-04,4.1,2.1,6.5,15.8,0.0,25.0,16.0,,1003.5,,2023,3,04
63,2023-03-05,5.7,-0.2,10.4,0.0,0.0,318.0,10.5,,1018.9,,2023,3,05
64,2023-03-06,5.4,-1.8,10.4,0.0,0.0,302.0,10.6,,1017.2,,2023,3,06
65,2023-03-07,3.8,-1.3,8.2,0.0,0.0,336.0,19.8,,1010.3,,2023,3,07
66,2023-03-08,2.1,-1.8,6.0,0.0,0.0,337.0,22.3,,1020.3,,2023,3,08
67,2023-03-09,4.2,0.4,9.3,0.0,0.0,346.0,14.6,,1021.4,,2023,3,09
68,2023-03-10,2.9,-3.5,8.2,5.3,0.0,48.0,4.9,,1014.7,,2023,3,10
69,2023-03-11,3.5,1.5,6.0,6.7,0.0,19.0,14.4,,1009.0,,2023,3,11
70,2023-03-12,4.0,-2.9,9.3,0.0,0.0,14.0,4.8,,1016.3,,2023,3,12
71,2023-03-13,4.8,3.7,6.5,11.5,0.0,80.0,12.5,,1012.6,,2023,3,13
72,2023-03-14,2.3,1.5,3.7,23.9,0.0,315.0,16.0,,998.7,,2023,3,14
73,2023-03-15,3.4,1.5,7.1,0.0,0.0,309.0,17.5,,1007.4,,2023,3,15
74,2023-03-16,3.8,-3.5,13.2,0.0,0.0,309.0,6.8,,1015.2,,2023,3,16
75,2023-03-17,8.1,0.4,14.3,0.0,0.0,91.0,6.3,,1006.5,,2023,3,17
76,2023-03-18,8.3,5.4,12.6,0.2,0.0,296.0,13.4,,1005.2,,2023,3,18
77,2023-03-19,1.3,-1.8,4.3,0.0,0.0,276.0,18.4,,1014.9,,2023,3,19
78,2023-03-20,3.0,-5.2,11.0,0.0,0.0,259.0,8.9,,1023.8,,2023,3,20
79,2023-03-21,6.9,-3.5,17.1,0.0,0.0,305.0,9.3,,1026.6,,2023,3,21
80,2023-03-22,8.8,-0.7,17.1,0.0,0.0,122.0,11.0,,1026.2,,2023,3,22
81,2023-03-23,12.1,8.7,13.7,2.3,0.0,245.0,9.2,,1012.8,,2023,3,23
82,2023-03-24,9.0,4.3,13.2,0.3,0.0,341.0,11.0,,1014.0,,2023,3,24
83,2023-03-25,4.6,1.0,6.0,5.5,0.0,73.0,15.3,,1014.8,,2023,3,25
84,2023-03-26,10.1,3.7,16.5,0.0,0.0,291.0,13.7,,1010.8,,2023,3,26
85,2023-03-27,6.8,-1.3,15.4,7.4,0.0,51.0,6.5,,1016.7,,2023,3,27
86,2023-03-28,6.8,1.5,11.0,0.0,0.0,349.0,8.5,,1017.9,,2023,3,28
87,2023-03-29,6.0,-1.3,12.6,0.0,0.0,310.0,8.0,,1019.0,,2023,3,29
88,2023-03-30,3.1,-1.8,6.5,1.1,0.0,304.0,14.0,,1023.7,,2023,3,30
89,2023-03-31,4.4,-4.0,9.8,0.1,0.0,107.0,7.3,,1023.0,,2023,3,31
90,2023-04-01,14.6,8.2,22.1,12.0,0.0,224.0,13.2,,999.6,,2023,4,01
91,2023-04-02,7.0,-0.7,11.5,0.0,0.0,322.0,18.5,,1011.0,,2023,4,02
92,2023-04-03,6.5,-3.5,14.8,0.0,0.0,200.0,11.2,,1019.0,,2023,4,03
93,2023-04-04,13.8,3.7,22.1,0.0,0.0,34.0,7.0,,1017.3,,2023,4,04
94,2023-04-05,11.5,8.7,14.8,0.0,0.0,101.0,14.5,,1023.4,,2023,4,05
95,2023-04-06,15.3,8.2,24.3,0.3,0.0,328.0,9.9,,1020.0,,2023,4,06
96,2023-04-07,11.1,4.8,14.3,0.0,0.0,320.0,15.3,,1025.8,,2023,4,07
97,2023-04-08,6.4,2.1,11.0,0.0,0.0,350.0,9.5,,1031.5,,2023,4,08
98,2023-04-09,6.4,-1.8,13.2,0.0,0.0,350.0,7.0,,1032.3,,2023,4,09
99,2023-04-10,9.7,-0.2,19.3,0.0,0.0,328.0,4.2,,1029.3,,2023,4,10
100,2023-04-11,14.2,1.0,23.7,0.0,0.0,273.0,11.0,,1018.4,,2023,4,11
101,2023-04-12,22.2,14.8,28.2,0.0,0.0,272.0,14.8,,1009.3,,2023,4,12
102,2023-04-13,22.0,10.4,32.1,0.0,0.0,281.0,8.6,,1010.1,,2023,4,13
103,2023-04-14,22.9,11.5,32.1,0.0,0.0,288.0,6.5,,1010.9,,2023,4,14
104,2023-04-15,18.4,15.4,24.3,8.4,0.0,68.0,7.7,,1012.6,,2023,4,15
105,2023-04-16,17.2,14.8,20.4,1.3,0.0,136.0,8.2,,1010.1,,2023,4,16
106,2023-04-17,14.1,12.6,17.6,3.0,0.0,141.0,9.8,,1003.2,,2023,4,17
107,2023-04-18,10.5,8.2,13.2,0.0,0.0,257.0,14.7,,1007.2,,2023,4,18
108,2023-04-19,8.2,4.8,13.2,0.0,0.0,290.0,10.6,,1017.2,,2023,4,19
109,2023-04-20,11.3,2.6,20.4,0.0,0.0,319.0,5.3,,1022.2,,2023,4,20
110,2023-04-21,14.0,7.6,19.8,0.0,0.0,118.0,10.7,,1019.0,,2023,4,21
111,2023-04-22,13.2,10.4,17.1,1.7,0.0,101.0,15.7,,1015.4,,2023,4,22
112,2023-04-23,13.6,9.8,16.0,29.6,0.0,1.0,8.6,,1011.5,,2023,4,23
113,2023-04-24,10.4,4.3,15.4,0.0,0.0,296.0,7.5,,1016.8,,2023,4,24
114,2023-04-25,8.6,1.5,14.3,0.0,0.0,279.0,6.9,,1021.1,,2023,4,25
115,2023-04-26,8.7,0.4,14.3,0.2,0.0,117.0,6.1,,1023.4,,2023,4,26
116,2023-04-27,9.8,6.5,12.6,8.2,0.0,72.0,5.5,,1023.3,,2023,4,27
117,2023-04-28,10.1,4.8,14.8,0.8,0.0,81.0,10.6,,1021.7,,2023,4,28
118,2023-04-29,10.0,8.2,11.0,31.5,0.0,74.0,16.8,,1014.2,,2023,4,29
119,2023-04-30,11.9,9.8,14.3,22.4,0.0,59.0,13.6,,1000.8,,2023,4,30
120,2023-05-01,12.6,7.6,16.0,7.1,0.0,249.0,14.5,,991.1,,2023,5,01
121,2023-05-02,9.9,6.5,12.1,7.5,0.0,203.0,9.6,,995.4,,2023,5,02
122,2023-05-03,10.1,4.8,13.7,1.4,0.0,280.0,6.8,,998.8,,2023,5,03
123,2023-05-04,10.8,8.7,14.3,0.0,0.0,13.0,9.0,,1011.0,,2023,5,04
124,2023-05-05,10.9,3.7,16.0,0.3,0.0,15.0,7.2,,1022.1,,2023,5,05
125,2023-05-06,14.8,6.0,22.6,0.0,0.0,304.0,8.7,,1022.6,,2023,5,06
126,2023-05-07,16.7,5.4,24.8,1.4,0.0,268.0,8.1,,1014.9,,2023,5,07
127,2023-05-08,18.1,13.2,24.3,4.6,0.0,331.0,9.3,,1008.6,,2023,5,08
128,2023-05-09,14.8,7.1,21.0,0.0,0.0,337.0,7.7,,1014.8,,2023,5,09
129,2023-05-10,14.1,3.7,22.6,0.0,0.0,309.0,5.4,,1020.1,,2023,5,10
130,2023-05-11,17.2,7.1,26.5,0.0,0.0,303.0,5.9,,1018.7,,2023,5,11
131,2023-05-12,20.6,10.4,29.8,0.0,0.0,263.0,8.6,,1017.1,,2023,5,12
132,2023-05-13,21.5,15.4,27.1,0.0,0.0,343.0,7.7,,1016.1,,2023,5,13
133,2023-05-14,16.0,8.2,20.4,0.0,0.0,355.0,10.8,,1022.0,,2023,5,14
134,2023-05-15,15.7,5.4,23.7,0.0,0.0,270.0,10.3,,1020.9,,2023,5,15
135,2023-05-16,19.7,13.2,26.0,0.0,0.0,255.0,12.6,,1005.7,,2023,5,16
136,2023-05-17,12.8,8.2,16.5,0.0,0.0,352.0,16.6,,1009.1,,2023,5,17
137,2023-05-18,10.0,0.4,17.1,0.0,0.0,232.0,9.1,,1025.6,,2023,5,18
138,2023-05-19,14.4,7.1,21.0,0.0,0.0,189.0,11.5,,1026.6,,2023,5,19
139,2023-05-20,15.7,9.3,19.3,34.7,0.0,88.0,6.6,,1017.8,,2023,5,20
140,2023-05-21,17.1,12.6,21.5,0.6,0.0,298.0,10.8,,1013.6,,2023,5,21
141,2023-05-22,16.8,8.7,24.3,0.0,0.0,60.0,5.6,,1021.8,,2023,5,22
142,2023-05-23,15.5,10.4,20.4,0.0,0.0,72.0,7.2,,1026.4,,2023,5,23
143,2023-05-24,15.6,7.6,25.4,4.4,0.0,305.0,8.1,,1018.1,,2023,5,24
144,2023-05-25,13.4,8.7,19.3,0.0,0.0,335.0,14.0,,1020.4,,2023,5,25
145,2023-05-26,14.4,4.8,22.6,0.0,0.0,317.0,9.3,,1024.7,,2023,5,26
146,2023-05-27,16.9,5.4,25.4,0.0,0.0,336.0,4.0,,1025.8,,2023,5,27
147,2023-05-28,19.5,9.8,28.2,0.0,0.0,259.0,7.3,,1019.7,,2023,5,28
148,2023-05-29,18.7,11.5,26.0,0.0,0.0,67.0,9.9,,1017.8,,2023,5,29
149,2023-05-30,15.3,8.2,21.5,0.0,0.0,85.0,7.0,,1023.2,,2023,5,30
150,2023-05-31,16.6,5.4,25.4,0.0,0.0,149.0,6.2,,1022.5,,2023,5,31
151,2023-06-01,20.8,9.8,31.0,0.0,0.0,35.0,4.7,,1018.7,,2023,6,01
152,2023-06-02,22.9,14.8,32.6,2.1,0.0,23.0,5.3,,1012.9,,2023,6,02
153,2023-06-03,17.1,11.0,19.8,0.0,0.0,51.0,14.4,,1016.2,,2023,6,03
154,2023-06-04,13.2,7.1,17.6,0.0,0.0,7.0,8.3,,1016.7,,2023,6,04
155,2023-06-05,16.2,8.2,23.2,0.0,0.0,341.0,9.6,,1011.5,,2023,6,05
156,2023-06-06,16.7,10.4,23.2,0.4,0.0,303.0,8.3,,1004.8,,2023,6,06
157,2023-06-07,15.4,8.2,20.4,0.0,0.0,291.0,7.6,,1003.3,,2023,6,07
158,2023-06-08,14.8,8.2,19.8,0.0,0.0,302.0,7.2,,1006.0,,2023,6,08
159,2023-06-09,16.7,11.5,22.1,0.0,0.0,315.0,5.9,,1007.0,,2023,6,09
160,2023-06-10,17.3,9.8,24.3,0.0,0.0,290.0,8.2,,1008.5,,2023,6,10
161,2023-06-11,20.7,11.5,27.6,0.0,0.0,86.0,7.3,,1011.5,,2023,6,11
162,2023-06-12,21.4,18.7,24.8,4.4,0.0,108.0,10.8,,1008.0,,2023,6,12
163,2023-06-13,19.9,16.0,24.3,1.3,0.0,268.0,9.9,,1004.4,,2023,6,13
164,2023-06-14,18.0,10.4,23.2,5.8,0.0,198.0,8.8,,1001.3,,2023,6,14
165,2023-06-15,20.0,14.8,25.4,0.0,0.0,264.0,11.2,,1002.6,,2023,6,15
166,2023-06-16,18.9,14.3,24.8,6.6,0.0,341.0,4.1,,1006.6,,2023,6,16
167,2023-06-17,18.7,15.4,23.2,1.9,0.0,324.0,10.6,,1004.9,,2023,6,17
168,2023-06-18,20.4,14.3,26.0,0.0,0.0,321.0,6.4,,1010.3,,2023,6,18
169,2023-06-19,20.9,16.0,26.0,0.0,0.0,82.0,6.5,,1017.8,,2023,6,19
170,2023-06-20,20.0,16.5,24.8,0.0,0.0,99.0,8.9,,1023.0,,2023,6,20
171,2023-06-21,18.7,14.8,22.6,0.0,0.0,100.0,13.0,,1025.4,,2023,6,21
172,2023-06-22,19.1,15.4,24.8,0.0,0.0,73.0,11.9,,1021.8,,2023,6,22
173,2023-06-23,20.2,16.5,23.2,1.0,0.0,138.0,8.4,,1017.4,,2023,6,23
174,2023-06-24,22.4,20.4,26.0,12.6,0.0,149.0,7.5,,1011.3,,2023,6,24
175,2023-06-25,24.4,21.0,29.3,0.3,0.0,4.0,4.5,,1009.9,,2023,6,25
176,2023-06-26,22.8,20.4,26.5,4.6,0.0,107.0,8.3,,1008.6,,2023,6,26
177,2023-06-27,22.1,20.4,26.0,5.3,0.0,150.0,8.6,,1006.3,,2023,6,27
178,2023-06-28,23.2,19.8,27.6,0.5,0.0,318.0,5.3,,1009.4,,2023,6,28
179,2023-06-29,22.1,16.0,27.1,0.0,0.0,332.0,5.3,,1015.9,,2023,6,29
180,2023-06-30,22.2,16.5,28.7,0.0,0.0,32.0,4.6,,1017.8,,2023,6,30
181,2023-07-01,22.5,15.4,28.2,0.0,0.0,196.0,7.4,,1017.0,,2023,7,01
182,2023-07-02,24.5,20.4,30.4,11.1,0.0,173.0,9.5,,1011.6,,2023,7,02
183,2023-07-03,25.7,22.6,30.4,5.1,0.0,306.0,4.4,,1010.2,,2023,7,03
184,2023-07-04,25.1,22.1,30.4,1.1,0.0,330.0,4.2,,1012.6,,2023,7,04
185,2023-07-05,26.8,21.5,33.2,0.0,0.0,344.0,4.1,,1015.0,,2023,7,05
186,2023-07-06,27.2,21.0,33.2,0.0,0.0,248.0,7.0,,1013.8,,2023,7,06
187,2023-07-07,26.1,22.6,31.0,0.0,0.0,88.0,6.2,,1011.6,,2023,7,07
188,2023-07-08,26.2,23.2,29.8,0.0,0.0,13.0,3.5,,1011.0,,2023,7,08
189,2023-07-09,24.8,22.6,27.6,12.2,0.0,101.0,7.8,,1010.5,,2023,7,09
190,2023-07-10,23.7,19.3,27.6,18.8,0.0,339.0,8.7,,1008.4,,2023,7,10
191,2023-07-11,24.4,17.6,31.0,0.0,0.0,278.0,7.8,,1011.7,,2023,7,11
192,2023-07-12,26.0,19.3,32.1,0.0,0.0,281.0,5.7,,1013.3,,2023,7,12
193,2023-07-13,26.6,20.4,31.5,0.0,0.0,190.0,10.5,,1011.4,,2023,7,13
194,2023-07-14,24.2,20.4,28.2,28.5,0.0,94.0,9.2,,1012.8,,2023,7,14
195,2023-07-15,26.8,21.5,31.5,0.3,0.0,121.0,6.4,,1013.9,,2023,7,15
196,2023-07-16,25.8,24.3,26.5,43.5,0.0,191.0,7.5,,1010.3,,2023,7,16
197,2023-07-17,27.0,22.6,31.0,0.0,0.0,301.0,5.7,,1013.1,,2023,7,17
198,2023-07-18,25.4,22.1,29.3,1.4,0.0,143.0,5.4,,1014.3,,2023,7,18
199,2023-07-19,24.2,19.8,28.2,0.0,0.0,273.0,4.8,,1016.3,,2023,7,19
200,2023-07-20,24.1,18.7,28.7,0.0,0.0,70.0,5.2,,1015.2,,2023,7,20
201,2023-07-21,24.8,19.8,29.8,11.9,0.0,248.0,9.2,,1008.2,,2023,7,21
202,2023-07-22,23.1,17.6,28.7,0.0,0.0,330.0,7.6,,1009.2,,2023,7,22
203,2023-07-23,23.3,14.8,29.8,0.0,0.0,263.0,6.8,,1014.7,,2023,7,23
204,2023-07-24,25.4,19.3,30.4,0.0,0.0,267.0,9.2,,1019.0,,2023,7,24
205,2023-07-25,23.6,19.8,29.8,19.2,0.0,304.0,5.0,,1018.4,,2023,7,25
206,2023-07-26,24.6,18.7,30.4,0.0,0.0,223.0,8.7,,1018.5,,2023,7,26
207,2023-07-27,27.0,22.6,33.2,3.0,0.0,225.0,11.6,,1014.1,,2023,7,27
208,2023-07-28,27.0,21.0,32.1,0.0,0.0,294.0,5.4,,1014.9,,2023,7,28
209,2023-07-29,26.6,19.8,31.5,5.1,0.0,305.0,8.0,,1008.7,,2023,7,29
210,2023-07-30,20.6,15.4,25.4,0.0,0.0,335.0,11.5,,1013.2,,2023,7,30
211,2023-07-31,20.7,12.6,27.6,0.0,0.0,285.0,7.4,,1015.2,,2023,7,31
212,2023-08-01,20.7,14.3,26.0,0.0,0.0,331.0,9.2,,1020.2,,2023,8,01
213,2023-08-02,18.9,11.0,26.0,0.0,0.0,331.0,5.8,,1023.0,,2023,8,02
214,2023-08-03,20.7,13.7,26.5,0.0,0.0,211.0,10.7,,1019.4,,2023,8,03
215,2023-08-04,22.8,21.0,24.8,5.4,0.0,198.0,10.8,,1014.3,,2023,8,04
216,2023-08-05,23.2,18.7,28.2,5.6,0.0,317.0,6.9,,1014.9,,2023,8,05
217,2023-08-06,22.8,15.4,29.3,0.0,0.0,243.0,7.5,,1016.3,,2023,8,06
218,2023-08-07,23.7,22.1,26.5,20.4,0.0,164.0,9.0,,1011.9,,2023,8,07
219,2023-08-08,23.7,22.1,26.5,0.0,0.0,231.0,13.9,,1003.8,,2023,8,08
220,2023-08-09,24.2,19.8,29.3,0.0,0.0,272.0,13.2,,1006.1,,2023,8,09
221,2023-08-10,21.6,16.5,26.0,6.0,0.0,230.0,6.3,,1005.9,,2023,8,10
222,2023-08-11,22.2,16.5,28.2,0.0,0.0,253.0,10.0,,1008.0,,2023,8,11
223,2023-08-12,21.7,15.4,27.6,20.6,0.0,65.0,7.3,,1012.7,,2023,8,12
224,2023-08-13,24.6,19.8,29.8,5.3,0.0,290.0,8.7,,1011.9,,2023,8,13
225,2023-08-14,23.3,17.6,28.7,0.9,0.0,316.0,3.4,,1014.4,,2023,8,14
226,2023-08-15,21.6,20.4,22.6,15.7,0.0,69.0,8.8,,1009.7,,2023,8,15
227,2023-08-16,22.7,20.4,26.5,2.4,0.0,108.0,8.5,,1013.5,,2023,8,16
228,2023-08-17,22.3,21.5,23.7,0.1,0.0,102.0,8.5,,1014.6,,2023,8,17
229,2023-08-18,22.8,16.5,27.1,8.3,0.0,277.0,10.5,,1007.7,,2023,8,18
230,2023-08-19,19.8,14.8,25.4,0.0,0.0,255.0,11.2,,1014.4,,2023,8,19
231,2023-08-20,20.8,13.2,28.2,0.0,0.0,255.0,5.7,,1018.9,,2023,8,20
232,2023-08-21,24.3,18.2,30.4,1.8,0.0,324.0,5.4,,1017.3,,2023,8,21
233,2023-08-22,21.6,16.0,26.0,0.0,0.0,347.0,10.8,,1018.8,,2023,8,22
234,2023-08-23,19.3,12.6,26.0,0.0,0.0,347.0,4.3,,1020.3,,2023,8,23
235,2023-08-24,19.6,17.6,21.5,3.7,0.0,102.0,5.6,,1018.3,,2023,8,24
236,2023-08-25,22.9,19.8,24.8,6.9,0.0,191.0,9.3,,1012.1,,2023,8,25
237,2023-08-26,24.9,21.5,29.3,0.0,0.0,346.0,4.4,,1010.7,,2023,8,26
238,2023-08-27,22.6,18.2,27.6,0.0,0.0,353.0,5.7,,1013.7,,2023,8,27
239,2023-08-28,22.2,18.7,24.8,0.0,0.0,72.0,6.1,,1017.5,,2023,8,28
240,2023-08-29,22.7,18.7,26.5,0.0,0.0,92.0,6.7,,1014.4,,2023,8,29
241,2023-08-30,23.9,19.8,28.2,2.5,0.0,286.0,8.2,,1006.8,,2023,8,30
242,2023-08-31,19.5,12.6,24.3,0.0,0.0,343.0,14.1,,1014.5,,2023,8,31
243,2023-09-01,17.4,10.4,24.3,0.0,0.0,11.0,5.7,,1024.7,,2023,9,01
244,2023-09-02,19.4,11.5,26.5,0.0,0.0,259.0,8.3,,1021.6,,2023,9,02
245,2023-09-03,23.6,17.6,30.4,0.0,0.0,271.0,5.8,,1013.9,,2023,9,03
246,2023-09-04,25.0,18.2,32.1,0.0,0.0,325.0,4.1,,1011.8,,2023,9,04
247,2023-09-05,26.4,20.4,32.1,0.0,0.0,326.0,7.3,,1013.5,,2023,9,05
248,2023-09-06,26.7,21.5,32.1,0.0,0.0,302.0,6.4,,1010.9,,2023,9,06
249,2023-09-07,26.9,21.0,33.7,0.3,0.0,275.0,6.6,,1009.9,,2023,9,07
250,2023-09-08,24.0,19.8,31.5,4.5,0.0,31.0,3.3,,1014.4,,2023,9,08
251,2023-09-09,24.9,22.1,28.7,6.0,0.0,26.0,3.2,,1018.9,,2023,9,09
252,2023-09-10,22.8,21.0,25.4,5.6,0.0,24.0,3.9,,1019.3,,2023,9,10
253,2023-09-11,23.6,20.4,27.6,81.6,0.0,20.0,4.4,,1016.4,,2023,9,11
254,2023-09-12,22.5,19.8,27.6,0.0,0.0,321.0,5.3,,1015.7,,2023,9,12
255,2023-09-13,21.9,18.2,25.4,37.8,0.0,339.0,3.5,,1013.6,,2023,9,13
256,2023-09-14,19.9,16.0,24.3,0.0,0.0,339.0,11.6,,1017.5,,2023,9,14
257,2023-09-15,16.5,11.5,21.5,0.0,0.0,355.0,11.7,,1017.7,,2023,9,15
258,2023-09-16,17.7,12.1,23.7,0.0,0.0,308.0,9.9,,1012.3,,2023,9,16
259,2023-09-17,17.8,8.7,24.8,2.3,0.0,321.0,4.6,,1013.8,,2023,9,17
260,2023-09-18,18.4,16.5,21.0,26.7,0.0,355.0,4.3,,1008.9,,2023,9,18
261,2023-09-19,17.3,12.1,22.6,0.0,0.0,272.0,9.3,,1013.1,,2023,9,19
262,2023-09-20,15.7,8.7,22.6,0.0,0.0,278.0,6.0,,1020.7,,2023,9,20
263,2023-09-21,15.2,8.2,23.2,0.0,0.0,351.0,6.8,,1025.0,,2023,9,21
264,2023-09-22,15.9,9.8,22.1,0.0,0.0,60.0,7.9,,1028.1,,2023,9,22
265,2023-09-23,14.6,13.2,16.0,10.4,0.0,58.0,15.7,,1022.6,,2023,9,23
266,2023-09-24,16.0,14.8,17.1,9.4,0.0,60.0,17.8,,1017.8,,2023,9,24
267,2023-09-25,15.0,13.2,16.0,25.5,0.0,54.0,15.1,,1019.7,,2023,9,25
268,2023-09-26,14.5,7.6,18.2,0.1,0.0,43.0,11.3,,1027.7,,2023,9,26
269,2023-09-27,12.4,5.4,19.8,0.0,0.0,28.0,7.3,,1027.7,,2023,9,27
270,2023-09-28,14.1,7.6,18.7,0.0,0.0,48.0,6.4,,1025.8,,2023,9,28
271,2023-09-29,14.0,13.7,15.4,102.1,0.0,55.0,13.2,,1022.9,,2023,9,29
272,2023-09-30,15.3,12.6,18.2,5.0,0.0,17.0,7.0,,1022.2,,2023,9,30
273,2023-10-01,17.3,9.8,26.0,0.0,0.0,352.0,6.4,,1021.9,,2023,10,01
274,2023-10-02,18.4,13.2,26.0,0.0,0.0,4.0,4.5,,1022.5,,2023,10,02
275,2023-10-03,18.6,11.0,27.1,0.0,0.0,317.0,3.6,,1021.7,,2023,10,03
276,2023-10-04,20.8,13.2,29.3,0.0,0.0,8.0,2.4,,1022.6,,2023,10,04
277,2023-10-05,18.4,13.2,25.4,0.0,0.0,39.0,4.4,,1023.4,,2023,10,05
278,2023-10-06,19.8,18.2,22.1,9.8,0.0,87.0,6.8,,1017.4,,2023,10,06
279,2023-10-07,17.6,12.1,20.4,25.2,0.0,75.0,11.2,,1006.2,,2023,10,07
280,2023-10-08,12.3,9.3,15.4,0.0,0.0,247.0,13.8,,1003.4,,2023,10,08
281,2023-10-09,10.6,4.3,16.0,0.0,0.0,255.0,7.9,,1008.0,,2023,10,09
282,2023-10-10,11.4,6.5,17.6,0.0,0.0,310.0,6.1,,1009.9,,2023,10,10
283,2023-10-11,13.1,7.6,20.4,0.0,0.0,330.0,5.2,,1011.3,,2023,10,11
284,2023-10-12,12.8,6.0,21.0,0.0,0.0,332.0,3.7,,1012.4,,2023,10,12
285,2023-10-13,11.0,7.6,17.1,0.0,0.0,335.0,8.5,,1014.7,,2023,10,13
286,2023-10-14,10.2,8.2,12.1,15.6,0.0,338.0,2.7,,1009.5,,2023,10,14
287,2023-10-15,11.5,7.1,16.0,0.0,0.0,334.0,10.8,,999.9,,2023,10,15
288,2023-10-16,11.4,5.4,18.2,0.5,0.0,325.0,6.7,,1003.3,,2023,10,16
289,2023-10-17,11.5,6.0,17.1,0.0,0.0,314.0,4.9,,1013.1,,2023,10,17
290,2023-10-18,13.2,8.7,17.6,0.0,0.0,11.0,2.4,,1020.7,,2023,10,18
291,2023-10-19,12.7,7.6,18.2,0.0,0.0,315.0,5.3,,1019.8,,2023,10,19
292,2023-10-20,15.4,12.1,17.1,21.8,0.0,129.0,11.1,,1007.6,,2023,10,20
293,2023-10-21,15.4,14.3,17.1,6.7,0.0,300.0,10.8,,992.6,,2023,10,21
294,2023-10-22,11.6,8.2,14.3,0.0,0.0,281.0,15.4,,1002.9,,2023,10,22
295,2023-10-23,9.8,4.8,16.0,0.0,0.0,330.0,10.0,,1019.6,,2023,10,23
296,2023-10-24,9.7,2.1,18.2,0.0,0.0,326.0,3.8,,1027.6,,2023,10,24
297,2023-10-25,15.3,5.4,24.3,0.0,0.0,281.0,5.5,,1024.9,,2023,10,25
298,2023-10-26,18.1,9.3,27.1,0.0,0.0,292.0,5.7,,1022.7,,2023,10,26
299,2023-10-27,18.4,13.2,25.4,0.0,0.0,303.0,5.7,,1018.8,,2023,10,27
300,2023-10-28,19.6,12.1,26.5,0.0,0.0,322.0,8.3,,1016.2,,2023,10,28
301,2023-10-29,11.0,9.3,14.3,19.1,0.0,33.0,9.7,,1019.7,,2023,10,29
302,2023-10-30,10.7,8.7,13.2,7.9,0.0,20.0,6.9,,1010.5,,2023,10,30
303,2023-10-31,8.0,4.8,10.4,0.0,0.0,359.0,6.1,,1017.9,,2023,10,31
304,2023-11-01,5.4,0.4,8.2,4.6,0.0,358.0,6.6,,1018.0,,2023,11,01
305,2023-11-02,2.6,-2.4,8.7,0.0,0.0,340.0,2.7,,1030.6,,2023,11,02
306,2023-11-03,6.4,-1.3,13.2,0.0,0.0,256.0,8.1,,1030.3,,2023,11,03
307,2023-11-04,8.8,2.6,15.4,0.0,0.0,357.0,0.9,,1022.8,,2023,11,04
308,2023-11-05,10.1,4.8,17.6,0.8,0.0,357.0,3.7,,1017.7,,2023,11,05
309,2023-11-06,7.2,1.0,12.6,0.2,0.0,51.0,3.8,,1019.7,,2023,11,06
310,2023-11-07,14.2,9.8,18.7,6.5,0.0,241.0,11.6,,1008.8,,2023,11,07
311,2023-11-08,6.3,3.7,9.8,0.0,0.0,350.0,10.3,,1017.7,,2023,11,08
312,2023-11-09,6.0,2.1,12.6,0.0,0.0,27.0,4.2,,1013.5,,2023,11,09
313,2023-11-10,6.1,1.0,11.0,0.0,0.0,295.0,5.8,,1018.6,,2023,11,10
314,2023-11-11,5.3,-1.3,11.5,0.0,0.0,346.0,5.2,,1026.5,,2023,11,11
315,2023-11-12,1.3,-2.9,6.5,0.0,0.0,353.0,4.6,,1031.9,,2023,11,12
316,2023-11-13,1.8,-4.6,8.7,0.0,0.0,270.0,4.6,,1025.7,,2023,11,13
317,2023-11-14,4.5,-1.3,12.1,0.0,0.0,322.0,8.6,,1025.0,,2023,11,14
318,2023-11-15,4.7,-2.9,12.1,0.0,0.0,322.0,4.8,,1028.5,,2023,11,15
319,2023-11-16,7.6,-0.7,18.2,0.0,0.0,337.0,3.0,,1023.3,,2023,11,16
320,2023-11-17,11.3,0.4,18.2,0.0,0.0,212.0,9.7,,1015.7,,2023,11,17
321,2023-11-18,9.0,-0.7,14.3,2.9,0.0,340.0,9.6,,1008.0,,2023,11,18
322,2023-11-19,5.5,-2.4,12.6,0.0,0.0,311.0,7.8,,1013.4,,2023,11,19
323,2023-11-20,2.2,-1.3,7.1,0.0,0.0,0.0,7.2,,1028.2,,2023,11,20
324,2023-11-21,2.5,-4.0,7.1,6.0,0.0,75.0,10.4,,1030.5,,2023,11,21
325,2023-11-22,8.2,4.8,9.8,20.2,0.0,0.0,10.1,,1007.2,,2023,11,22
326,2023-11-23,8.4,6.5,11.0,0.0,0.0,293.0,10.1,,1010.6,,2023,11,23
327,2023-11-24,5.5,-0.7,9.8,0.0,0.0,324.0,9.5,,1020.4,,2023,11,24
328,2023-11-25,-0.6,-4.6,4.8,0.0,0.0,328.0,4.8,,1028.8,,2023,11,25
329,2023-11-26,3.6,-4.6,11.0,11.1,0.0,49.0,8.8,,1020.4,,2023,11,26
330,2023-11-27,7.8,2.1,11.5,9.9,0.0,265.0,12.6,,1005.6,,2023,11,27
331,2023-11-28,1.0,-0.2,3.2,0.0,0.0,268.0,16.0,,1010.5,,2023,11,28
332,2023-11-29,-0.2,-4.0,2.6,0.0,0.0,244.0,11.4,,1017.8,,2023,11,29
333,2023-11-30,3.2,-5.7,9.8,0.0,0.0,281.0,6.4,,1019.7,,2023,11,30
334,2023-12-01,5.4,-2.4,9.8,5.5,0.0,349.0,1.8,,1020.0,,2023,12,01
335,2023-12-02,8.2,4.8,13.7,0.0,0.0,335.0,2.6,,1016.2,,2023,12,02
336,2023-12-03,7.9,6.0,8.7,12.8,0.0,53.0,10.0,,1010.1,,2023,12,03
337,2023-12-04,7.2,3.2,10.4,0.0,0.0,259.0,10.6,,1007.6,,2023,12,04
338,2023-12-05,4.1,0.4,5.4,0.0,0.0,354.0,6.6,,1015.7,,2023,12,05
339,2023-12-06,1.9,-1.3,3.7,0.0,0.0,347.0,7.8,,1015.7,,2023,12,06
340,2023-12-07,-0.6,-5.2,2.6,0.0,0.0,283.0,5.4,,1016.3,,2023,12,07
341,2023-12-08,4.2,-1.3,10.4,0.0,0.0,2.0,3.3,,1021.5,,2023,12,08
342,2023-12-09,5.1,-0.7,12.6,0.0,0.0,8.0,1.2,,1022.7,,2023,12,09
343,2023-12-10,11.8,3.7,17.1,17.0,0.0,135.0,10.2,,1012.1,,2023,12,10
344,2023-12-11,5.0,2.1,7.6,13.3,0.0,300.0,15.1,,1009.1,,2023,12,11
345,2023-12-12,3.1,-1.8,6.5,0.0,0.0,234.0,11.1,,1026.9,,2023,12,12
346,2023-12-13,2.5,-3.5,7.1,0.0,0.0,288.0,9.3,,1030.7,,2023,12,13
347,2023-12-14,0.3,-4.6,4.3,0.0,0.0,289.0,7.9,,1035.3,,2023,12,14
348,2023-12-15,4.7,-2.4,14.8,0.0,0.0,276.0,6.8,,1027.1,,2023,12,15
349,2023-12-16,5.7,-1.8,12.6,0.0,0.0,34.0,4.3,,1031.8,,2023,12,16
350,2023-12-17,9.3,7.1,14.8,13.3,0.0,74.0,11.7,,1023.1,,2023,12,17
351,2023-12-18,12.3,4.8,17.6,87.3,0.0,203.0,17.7,,992.7,,2023,12,18
352,2023-12-19,3.2,-0.2,6.0,0.0,0.0,303.0,11.5,,1014.3,,2023,12,19
353,2023-12-20,2.4,-1.3,6.5,0.0,0.0,337.0,13.6,,1027.3,,2023,12,20
354,2023-12-21,1.0,-5.2,3.2,0.0,0.0,352.0,14.2,,1029.9,,2023,12,21
355,2023-12-22,-2.6,-7.4,3.2,0.0,0.0,350.0,1.6,,1031.8,,2023,12,22
356,2023-12-23,-0.7,-6.3,3.7,0.0,0.0,5.0,0.8,,1032.5,,2023,12,23
357,2023-12-24,4.5,1.0,8.7,0.0,0.0,0.0,0.0,,1030.0,,2023,12,24
358,2023-12-25,5.3,1.5,10.4,0.0,0.0,11.0,1.5,,1030.3,,2023,12,25
359,2023-12-26,5.5,2.6,9.8,0.0,0.0,9.0,1.8,,1026.1,,2023,12,26
360,2023-12-27,7.9,5.4,9.8,3.8,0.0,27.0,3.3,,1018.5,,2023,12,27
361,2023-12-28,10.2,8.2,12.1,41.6,0.0,40.0,11.8,,1006.7,,2023,12,28
362,2023-12-29,9.0,7.1,12.1,1.8,,299.0,5.8,,1004.0,,2023,12,29
363,2023-12-30,6.5,3.7,7.6,0.0,0.0,289.0,9.0,,1003.4,,2023,12,30
364,2023-12-31,3.8,3.2,5.4,0.0,0.0,318.0,6.1,,1013.8,,2023,12,31
365,2024-01-01,3.5,-0.2,7.1,0.0,0.0,348.0,4.3,,1016.7,,2024,1,01
366,2024-01-02,-0.5,-3.5,4.8,0.0,0.0,327.0,5.7,,1017.7,,2024,1,02
367,2024-01-03,1.3,-4.0,5.4,0.0,0.0,285.0,5.9,,1016.0,,2024,1,03
368,2024-01-04,2.1,-4.0,6.5,0.2,0.0,328.0,9.2,,1015.9,,2024,1,04
369,2024-01-05,-2.8,-7.9,3.2,0.0,0.0,302.0,6.4,,1023.9,,2024,1,05
370,2024-01-06,-1.9,-6.8,1.5,5.1,0.0,46.0,11.0,,1018.6,,2024,1,06
371,2024-01-07,1.6,-0.2,2.6,6.9,80.0,5.0,12.7,,1005.7,,2024,1,07
372,2024-01-08,0.7,-5.7,5.4,0.0,50.0,324.0,8.7,,1026.0,,2024,1,08
373,2024-01-09,1.9,-6.3,12.6,56.4,0.0,58.0,10.6,,1018.5,,2024,1,09
374,2024-01-10,9.7,6.5,13.7,15.0,0.0,238.0,20.0,,991.8,,2024,1,10
375,2024-01-11,5.8,2.6,8.2,0.0,0.0,257.0,12.5,,1009.8,,2024,1,11
376,2024-01-12,4.7,-1.3,8.7,2.2,0.0,51.0,8.3,,1018.3,,2024,1,12
377,2024-01-13,8.8,1.5,16.0,24.9,0.0,214.0,22.6,,995.4,,2024,1,13
378,2024-01-14,0.7,-3.5,3.7,0.1,0.0,251.0,18.0,,1011.3,,2024,1,14
379,2024-01-15,-3.3,-6.3,-1.3,0.0,0.0,244.0,10.5,,1022.6,,2024,1,15
380,2024-01-16,-3.4,-5.7,-0.7,6.7,50.0,5.0,9.2,,1011.6,,2024,1,16
381,2024-01-17,-6.7,-9.6,-4.0,0.0,50.0,259.0,12.4,,1014.0,,2024,1,17
382,2024-01-18,-5.1,-10.7,-2.4,0.0,30.0,253.0,7.1,,1019.5,,2024,1,18
383,2024-01-19,-3.4,-6.3,-2.4,2.3,30.0,2.0,6.5,,1010.9,,2024,1,19
384,2024-01-20,-7.2,-9.6,-4.6,0.0,30.0,313.0,12.2,,1013.7,,2024,1,20
385,2024-01-21,-6.9,-10.7,-1.3,0.0,30.0,323.0,9.1,,1026.1,,2024,1,21
386,2024-01-22,-3.7,-12.9,2.6,0.0,30.0,255.0,10.1,,1032.2,,2024,1,22
387,2024-01-23,2.7,1.0,4.8,1.1,30.0,324.0,5.3,,1031.9,,2024,1,23
388,2024-01-24,3.3,2.1,4.8,7.6,0.0,22.0,2.4,,1031.2,,2024,1,24
389,2024-01-25,10.3,4.3,13.7,9.1,0.0,316.0,7.6,,1020.8,,2024,1,25
390,2024-01-26,5.8,4.8,7.6,9.1,0.0,48.0,7.4,,1018.5,,2024,1,26
391,2024-01-27,5.5,3.7,7.6,0.0,0.0,12.0,3.5,,1022.2,,2024,1,27
392,2024-01-28,3.4,2.6,4.3,32.7,0.0,38.0,11.3,,1010.9,,2024,1,28
393,2024-01-29,2.4,1.5,3.2,1.2,0.0,355.0,14.9,,1011.0,,2024,1,29
394,2024-01-30,1.5,0.4,2.6,0.0,0.0,52.0,4.6,,1022.3,,2024,1,30
395,2024-01-31,1.6,0.4,2.6,0.0,0.0,115.0,4.8,,1020.1,,2024,1,31
396,2024-02-01,3.5,-1.3,6.0,0.0,0.0,293.0,5.6,,1015.0,,2024,2,01
397,2024-02-02,4.4,1.5,6.5,2.3,0.0,357.0,8.1,,1012.3,,2024,2,02
398,2024-02-03,1.9,-0.7,4.8,0.0,0.0,353.0,14.8,,1017.3,,2024,2,03
399,2024-02-04,2.4,-1.8,7.1,0.0,0.0,341.0,11.0,,1015.3,,2024,2,04
400,2024-02-05,1.6,-2.9,6.0,0.0,0.0,349.0,11.1,,1014.5,,2024,2,05
401,2024-02-06,-0.5,-5.2,6.0,0.0,0.0,357.0,5.2,,1022.0,,2024,2,06
402,2024-02-07,1.1,-5.7,8.7,0.0,0.0,2.0,5.0,,1025.7,,2024,2,07
403,2024-02-08,4.1,-2.9,12.6,0.0,0.0,3.0,0.5,,1025.6,,2024,2,08
404,2024-02-09,6.4,0.4,12.6,0.0,0.0,195.0,6.5,,1018.9,,2024,2,09
405,2024-02-10,7.4,-0.2,15.4,1.6,0.0,305.0,5.0,,1010.6,,2024,2,10
406,2024-02-11,6.0,1.5,8.7,0.0,0.0,339.0,6.0,,1012.5,,2024,2,11
407,2024-02-12,1.9,-2.9,6.0,0.0,0.0,348.0,3.7,,1012.0,,2024,2,12
408,2024-02-13,0.7,-4.6,3.2,13.7,80.0,351.0,10.5,,1003.3,,2024,2,13
409,2024-02-14,-0.3,-2.4,1.5,0.0,180.0,295.0,16.9,,1014.6,,2024,2,14
410,2024-02-15,-2.2,-11.3,3.2,2.4,150.0,237.0,7.8,,1017.0,,2024,2,15
411,2024-02-16,2.1,-1.8,4.3,0.0,50.0,286.0,16.6,,1010.0,,2024,2,16
412,2024-02-17,-1.0,-4.0,1.5,3.7,80.0,329.0,8.3,,1009.0,,2024,2,17
413,2024-02-18,-2.2,-9.6,2.6,0.0,80.0,245.0,14.5,,1010.4,,2024,2,18
414,2024-02-19,-0.3,-6.8,3.2,0.0,50.0,299.0,10.0,,1020.6,,2024,2,19
415,2024-02-20,-3.8,-10.7,3.2,0.0,30.0,346.0,2.7,,1031.9,,2024,2,20
416,2024-02-21,-2.1,-10.2,3.4,0.0,30.0,63.0,5.5,,1030.3,,2024,2,21
417,2024-02-22,1.7,-4.0,5.4,2.9,30.0,208.0,7.8,,1015.3,,2024,2,22
418,2024-02-23,5.1,3.2,8.7,4.5,0.0,351.0,2.8,,999.6,,2024,2,23
419,2024-02-24,1.9,-4.0,6.0,0.0,0.0,341.0,13.5,,1006.0,,2024,2,24
420,2024-02-25,-1.8,-7.4,3.7,0.0,0.0,321.0,7.1,,1019.4,,2024,2,25
421,2024-02-26,5.4,0.4,14.3,2.1,0.0,245.0,7.9,,1016.9,,2024,2,26
422,2024-02-27,7.2,-0.7,14.8,12.7,0.0,105.0,9.8,,1015.6,,2024,2,27
423,2024-02-28,11.9,4.8,14.3,10.5,0.0,185.0,17.1,,1004.7,,2024,2,28
424,2024-02-29,0.8,-1.3,3.2,0.0,0.0,295.0,18.0,,1022.7,,2024,2,29
425,2024-03-01,1.9,-4.6,8.2,0.0,0.0,223.0,9.7,,1034.8,,2024,3,01
426,2024-03-02,7.2,2.6,10.4,18.7,0.0,78.0,8.2,,1026.5,,2024,3,02
427,2024-03-03,11.6,4.8,17.6,0.2,0.0,341.0,9.5,,1021.5,,2024,3,03
428,2024-03-04,9.2,3.2,15.4,0.0,0.0,74.0,6.8,,1028.2,,2024,3,04
429,2024-03-05,7.6,6.5,8.7,10.3,0.0,53.0,8.3,,1021.4,,2024,3,05
430,2024-03-06,9.4,7.6,10.4,30.5,0.0,119.0,8.4,,1015.5,,2024,3,06
431,2024-03-07,9.7,6.0,13.2,7.6,0.0,358.0,13.3,,1012.8,,2024,3,07
432,2024-03-08,7.3,0.4,14.3,0.0,0.0,40.0,8.8,,1025.0,,2024,3,08
433,2024-03-09,5.0,3.7,7.1,24.5,0.0,112.0,14.0,,1018.1,,2024,3,09
434,2024-03-10,6.5,3.2,9.8,17.0,0.0,292.0,14.3,,995.2,,2024,3,10
435,2024-03-11,5.1,1.0,10.4,0.0,0.0,294.0,23.2,,1002.1,,2024,3,11
436,2024-03-12,10.0,3.7,17.6,0.0,0.0,290.0,14.5,,1008.8,,2024,3,12
437,2024-03-13,8.9,0.4,19.3,0.0,0.0,354.0,5.7,,1013.0,,2024,3,13
438,2024-03-14,12.6,2.6,22.1,0.0,0.0,258.0,7.9,,1015.6,,2024,3,14
439,2024-03-15,13.4,9.3,21.5,0.0,0.0,357.0,10.6,,1007.3,,2024,3,15
440,2024-03-16,8.9,2.1,15.4,0.0,0.0,237.0,9.8,,1008.7,,2024,3,16
441,2024-03-17,10.7,4.8,14.8,0.2,0.0,272.0,11.9,,1002.1,,2024,3,17
442,2024-03-18,6.2,3.7,9.3,0.0,0.0,280.0,14.4,,1005.3,,2024,3,18
443,2024-03-19,4.2,1.5,7.6,0.0,0.0,277.0,16.9,,1006.1,,2024,3,19
444,2024-03-20,5.3,1.5,9.8,1.1,0.0,267.0,13.4,,1004.9,,2024,3,20
445,2024-03-21,1.0,-1.8,4.3,0.0,0.0,288.0,21.2,,1017.6,,2024,3,21
446,2024-03-22,1.1,-4.6,7.1,0.0,0.0,310.0,8.4,,1027.2,,2024,3,22
447,2024-03-23,3.7,2.1,6.5,59.9,0.0,45.0,12.9,,1013.5,,2024,3,23
448,2024-03-24,2.0,-2.4,7.1,0.0,0.0,355.0,16.4,,1023.8,,2024,3,24
449,2024-03-25,5.1,-1.8,11.5,0.0,0.0,45.0,11.5,,1030.6,,2024,3,25
450,2024-03-26,7.3,3.2,12.1,0.0,0.0,53.0,11.3,,1023.1,,2024,3,26
451,2024-03-27,7.3,4.3,11.5,2.6,0.0,28.0,4.3,,1019.1,,2024,3,27
452,2024-03-28,8.5,6.5,10.4,22.4,0.0,354.0,7.5,,1013.9,,2024,3,28
453,2024-03-29,7.4,4.8,12.1,0.2,0.0,323.0,18.0,,1006.6,,2024,3,29
454,2024-03-30,9.2,3.7,15.4,0.0,0.0,299.0,14.5,,1006.9,,2024,3,30
455,2024-03-31,10.6,3.2,16.5,0.0,0.0,319.0,7.4,,1010.9,,2024,3,31
456,2024-04-01,8.3,3.7,12.6,0.0,0.0,16.0,4.9,,1014.7,,2024,4,01
457,2024-04-02,7.2,3.7,9.8,15.0,0.0,71.0,10.0,,1014.2,,2024,4,02
458,2024-04-03,5.3,4.3,7.1,29.0,0.0,82.0,26.1,,1006.0,,2024,4,03
459,2024-04-04,4.4,1.0,6.5,9.9,0.0,352.0,14.4,,995.7,,2024,4,04
460,2024-04-05,5.1,-0.2,8.2,0.0,0.0,287.0,12.5,,1002.6,,2024,4,05
461,2024-04-06,7.1,4.3,10.4,0.0,0.0,335.0,17.9,,1008.9,,2024,4,06
462,2024-04-07,7.8,3.7,13.2,0.0,0.0,352.0,13.5,,1017.3,,2024,4,07
463,2024-04-08,10.1,-0.7,19.3,0.0,0.0,304.0,5.0,,1020.0,,2024,4,08
464,2024-04-09,15.7,4.3,24.8,0.0,0.0,341.0,4.6,,1016.8,,2024,4,09
465,2024-04-10,14.0,9.3,18.7,0.0,0.0,95.0,9.1,,1017.4,,2024,4,10
466,2024-04-11,13.5,12.1,17.1,13.4,0.0,107.0,10.7,,1014.0,,2024,4,11
467,2024-04-12,15.9,13.2,18.7,33.5,0.0,181.0,17.3,,997.4,,2024,4,12
468,2024-04-13,10.3,8.7,13.7,2.3,0.0,261.0,21.0,,1002.3,,2024,4,13
469,2024-04-14,12.9,4.8,19.3,0.3,0.0,239.0,11.8,,1009.2,,2024,4,14
470,2024-04-15,16.8,8.2,24.8,0.0,0.0,335.0,9.8,,1009.6,,2024,4,15
471,2024-04-16,13.5,4.3,21.5,0.0,0.0,293.0,8.4,,1019.3,,2024,4,16
472,2024-04-17,10.1,3.7,14.8,2.2,0.0,102.0,8.2,,1021.0,,2024,4,17
473,2024-04-18,7.7,6.0,8.7,11.7,0.0,60.0,11.5,,1019.6,,2024,4,18
474,2024-04-19,10.5,7.1,14.3,0.0,0.0,127.0,10.6,,1020.1,,2024,4,19
475,2024-04-20,12.6,8.2,18.2,5.1,0.0,285.0,11.0,,1013.6,,2024,4,20
476,2024-04-21,7.2,1.5,10.4,0.0,0.0,307.0,9.1,,1015.4,,2024,4,21
477,2024-04-22,7.7,-0.2,14.8,0.0,0.0,317.0,9.6,,1017.5,,2024,4,22
478,2024-04-23,9.4,0.4,17.1,0.0,0.0,213.0,10.7,,1019.2,,2024,4,23
479,2024-04-24,13.5,9.3,20.4,0.4,0.0,313.0,12.5,,1012.2,,2024,4,24
480,2024-04-25,8.6,3.7,15.4,0.0,0.0,40.0,10.1,,1025.9,,2024,4,25
481,2024-04-26,9.2,0.4,17.1,0.0,0.0,10.0,8.0,,1030.9,,2024,4,26
482,2024-04-27,9.9,1.5,16.5,0.7,0.0,203.0,11.4,,1031.5,,2024,4,27
483,2024-04-28,16.0,8.7,24.8,1.4,0.0,267.0,6.0,,1020.8,,2024,4,28
484,2024-04-29,20.8,13.7,28.7,0.0,0.0,49.0,7.6,,1015.5,,2024,4,29
485,2024-04-30,13.5,12.6,16.5,2.8,0.0,103.0,12.6,,1014.0,,2024,4,30
486,2024-05-01,16.8,12.6,24.3,1.7,0.0,3.0,5.4,,1013.2,,2024,5,01
487,2024-05-02,17.8,11.5,26.0,0.0,0.0,236.0,10.2,,1014.2,,2024,5,02
488,2024-05-03,14.3,11.5,18.2,0.0,0.0,94.0,8.3,,1021.3,,2024,5,03
489,2024-05-04,13.1,7.1,18.2,0.0,0.0,96.0,8.0,,1026.0,,2024,5,04
490,2024-05-05,10.2,9.3,11.0,16.6,0.0,118.0,6.6,,1024.4,,2024,5,05
491,2024-05-06,17.1,11.0,23.7,0.6,0.0,225.0,6.4,,1014.9,,2024,5,06
492,2024-05-07,19.1,10.4,26.0,0.0,0.0,314.0,6.1,,1008.3,,2024,5,07
493,2024-05-08,20.4,13.2,27.6,5.2,0.0,246.0,9.1,,1002.1,,2024,5,08
494,2024-05-09,16.2,12.1,19.3,0.0,0.0,353.0,6.9,,1006.6,,2024,5,09
495,2024-05-10,11.3,8.7,13.7,13.2,0.0,94.0,9.3,,1009.0,,2024,5,10
496,2024-05-11,11.9,7.1,16.5,0.0,0.0,82.0,8.1,,1010.8,,2024,5,11
497,2024-05-12,10.6,7.1,13.7,0.4,0.0,245.0,6.2,,1013.0,,2024,5,12
498,2024-05-13,13.0,4.3,19.8,0.0,0.0,265.0,5.6,,1017.1,,2024,5,13
499,2024-05-14,18.1,9.8,24.8,0.0,0.0,219.0,9.5,,1015.3,,2024,5,14
500,2024-05-15,17.1,16.0,18.2,15.9,0.0,60.0,8.4,,1010.7,,2024,5,15
501,2024-05-16,16.6,15.4,17.6,9.8,0.0,40.0,15.1,,1007.6,,2024,5,16
502,2024-05-17,18.6,13.7,23.2,0.0,0.0,43.0,7.9,,1014.0,,2024,5,17
503,2024-05-18,17.2,12.1,21.0,0.0,0.0,37.0,7.0,,1015.3,,2024,5,18
504,2024-05-19,18.7,15.4,22.6,0.0,0.0,46.0,12.9,,1015.8,,2024,5,19
505,2024-05-20,18.2,11.0,26.0,0.0,0.0,23.0,5.1,,1016.8,,2024,5,20
506,2024-05-21,21.8,13.2,30.4,0.0,0.0,276.0,6.4,,1014.8,,2024,5,21
507,2024-05-22,23.4,16.0,31.0,0.0,0.0,251.0,10.2,,1013.5,,2024,5,22
508,2024-05-23,22.3,19.3,26.5,14.2,0.0,300.0,6.0,,1011.1,,2024,5,23
509,2024-05-24,21.9,16.0,28.2,0.0,0.0,282.0,6.2,,1010.2,,2024,5,24
510,2024-05-25,20.2,12.6,25.4,0.0,0.0,101.0,6.7,,1011.8,,2024,5,25
511,2024-05-26,23.0,17.6,28.2,0.0,0.0,144.0,7.6,,1012.6,,2024,5,26
512,2024-05-27,20.8,18.7,24.8,18.5,0.0,153.0,12.9,,1010.6,,2024,5,27
513,2024-05-28,21.9,16.0,26.5,0.0,0.0,288.0,13.0,,1006.5,,2024,5,28
514,2024-05-29,19.3,13.2,24.3,3.0,0.0,298.0,9.0,,1012.3,,2024,5,29
515,2024-05-30,16.6,11.5,21.5,18.5,0.0,330.0,10.1,,1014.4,,2024,5,30
516,2024-05-31,17.6,9.3,24.3,0.0,0.0,327.0,11.2,,1019.9,,2024,5,31
517,2024-06-01,19.3,8.7,28.2,0.0,0.0,267.0,9.2,,1020.3,,2024,6,01
518,2024-06-02,21.1,11.5,28.2,0.0,0.0,311.0,5.0,,1016.8,,2024,6,02
519,2024-06-03,23.7,16.5,29.8,0.0,0.0,4.0,4.1,,1013.1,,2024,6,03
520,2024-06-04,21.6,16.0,27.6,0.0,0.0,129.0,7.4,,1015.9,,2024,6,04
521,2024-06-05,21.9,15.4,27.1,0.0,0.0,184.0,9.4,,1012.8,,2024,6,05
522,2024-06-06,23.2,21.5,26.5,10.6,0.0,133.0,7.4,,1001.8,,2024,6,06
523,2024-06-07,21.9,15.4,27.1,0.3,0.0,276.0,6.0,,1002.3,,2024,6,07
524,2024-06-08,19.5,13.2,24.3,0.0,0.0,277.0,11.0,,1007.1,,2024,6,08
525,2024-06-09,18.3,13.2,22.6,2.7,0.0,308.0,7.9,,1003.0,,2024,6,09
526,2024-06-10,18.0,13.2,22.6,0.0,0.0,268.0,10.6,,1004.6,,2024,6,10
527,2024-06-11,17.1,11.0,22.1,0.0,0.0,313.0,9.0,,1013.3,,2024,6,11
528,2024-06-12,18.3,11.5,23.7,0.0,0.0,279.0,6.4,,1016.6,,2024,6,12
529,2024-06-13,21.6,11.5,29.3,0.0,0.0,229.0,11.6,,1015.6,,2024,6,13
530,2024-06-14,22.6,19.3,25.4,9.6,0.0,262.0,7.2,,1011.8,,2024,6,14
531,2024-06-15,21.1,15.4,26.5,0.0,0.0,323.0,10.5,,1015.5,,2024,6,15
532,2024-06-16,18.9,11.5,24.8,0.0,0.0,52.0,5.5,,1023.4,,2024,6,16
533,2024-06-17,22.4,13.7,29.3,0.0,0.0,192.0,9.7,,1022.0,,2024,6,17
534,2024-06-18,26.5,21.0,32.1,0.0,0.0,229.0,9.4,,1023.4,,2024,6,18
535,2024-06-19,26.2,19.8,33.2,0.0,0.0,234.0,8.4,,1026.6,,2024,6,19
536,2024-06-20,27.3,19.3,34.3,0.0,0.0,288.0,8.0,,1024.9,,2024,6,20
537,2024-06-21,26.6,21.5,34.3,11.0,0.0,22.0,5.5,,1021.1,,2024,6,21
538,2024-06-22,26.0,22.6,32.6,24.7,0.0,315.0,6.3,,1016.2,,2024,6,22
539,2024-06-23,26.2,22.6,32.6,6.4,0.0,165.0,11.0,,1006.6,,2024,6,23
540,2024-06-24,23.5,20.4,25.4,0.3,0.0,276.0,15.7,,1003.1,,2024,6,24
541,2024-06-25,24.7,16.0,31.0,0.0,0.0,281.0,10.6,,1011.1,,2024,6,25
542,2024-06-26,26.5,19.8,32.6,9.4,0.0,234.0,11.5,,1007.1,,2024,6,26
543,2024-06-27,23.2,18.7,28.2,9.4,0.0,310.0,10.2,,1008.5,,2024,6,27
544,2024-06-28,20.1,16.0,24.8,0.0,0.0,352.0,7.0,,1020.2,,2024,6,28
545,2024-06-29,21.9,17.1,26.0,1.3,0.0,174.0,13.7,,1020.8,,2024,6,29
546,2024-06-30,25.2,19.2,31.0,6.3,0.0,249.0,12.7,,1012.8,,2024,6,30
547,2024-07-01,20.8,15.1,27.4,0.0,0.0,351.0,16.9,,1017.2,,2024,7,01
548,2024-07-02,21.1,12.1,28.2,0.0,0.0,351.0,6.5,,1023.5,,2024,7,02
549,2024-07-03,21.6,14.3,27.6,0.0,0.0,211.0,8.2,,1021.8,,2024,7,03
550,2024-07-04,24.7,20.4,29.8,0.0,0.0,211.0,6.7,,1014.3,,2024,7,04
551,2024-07-05,25.9,23.2,30.4,25.6,0.0,37.0,4.8,,1009.9,,2024,7,05
552,2024-07-06,26.6,23.7,31.5,14.5,0.0,165.0,8.9,,1011.0,,2024,7,06
553,2024-07-07,27.4,23.2,32.6,0.1,0.0,346.0,4.5,,1015.3,,2024,7,07
554,2024-07-08,27.5,21.0,32.6,0.0,0.0,192.0,5.5,,1016.9,,2024,7,08
555,2024-07-09,28.1,22.6,33.2,0.0,0.0,180.0,9.1,,1014.5,,2024,7,09
556,2024-07-10,27.8,24.3,31.0,0.0,0.0,166.0,12.3,,1011.2,,2024,7,10
557,2024-07-11,27.3,22.6,31.0,0.5,0.0,233.0,12.7,,1013.0,,2024,7,11
558,2024-07-12,25.0,19.8,29.3,0.3,0.0,191.0,7.2,,1021.0,,2024,7,12
559,2024-07-13,26.2,23.2,30.4,9.8,0.0,178.0,5.4,,1020.3,,2024,7,13
560,2024-07-14,26.7,20.4,31.5,0.0,0.0,303.0,6.2,,1016.4,,2024,7,14
561,2024-07-15,28.0,24.3,32.6,0.5,0.0,242.0,8.0,,1011.3,,2024,7,15
562,2024-07-16,27.2,21.0,33.7,0.5,0.0,234.0,9.2,,1008.9,,2024,7,16
563,2024-07-17,26.0,22.1,31.5,28.3,0.0,27.0,6.3,,1010.2,,2024,7,17
564,2024-07-18,25.0,19.3,28.7,1.5,0.0,318.0,6.9,,1012.4,,2024,7,18
565,2024-07-19,22.2,17.6,27.1,0.0,0.0,325.0,5.9,,1019.2,,2024,7,19
566,2024-07-20,23.5,16.5,29.3,0.0,0.0,305.0,4.9,,1018.9,,2024,7,20
567,2024-07-21,25.5,21.0,29.8,1.3,0.0,308.0,8.5,,1016.9,,2024,7,21
568,2024-07-22,24.0,19.8,28.2,0.2,0.0,41.0,4.7,,1018.1,,2024,7,22
569,2024-07-23,22.8,21.5,24.3,10.6,0.0,56.0,5.2,,1017.5,,2024,7,23
570,2024-07-24,24.0,22.1,26.5,0.7,0.0,98.0,6.5,,1020.0,,2024,7,24
571,2024-07-25,24.5,17.6,28.7,0.0,0.0,306.0,5.7,,1017.4,,2024,7,25
572,2024-07-26,21.8,16.0,28.2,0.0,0.0,332.0,10.3,,1018.8,,2024,7,26
573,2024-07-27,22.2,14.3,29.3,0.0,0.0,317.0,5.1,,1020.5,,2024,7,27
574,2024-07-28,22.6,16.0,28.7,0.0,0.0,348.0,5.3,,1019.8,,2024,7,28
575,2024-07-29,22.2,19.3,26.5,4.8,0.0,60.0,4.9,,1015.6,,2024,7,29
576,2024-07-30,25.3,20.4,30.4,0.0,0.0,164.0,10.6,,1014.4,,2024,7,30
577,2024-07-31,26.3,22.6,30.4,7.9,0.0,210.0,10.2,,1012.2,,2024,7,31
578,2024-08-01,26.8,21.0,33.2,0.0,0.0,294.0,5.4,,1013.7,,2024,8,01
579,2024-08-02,26.7,22.1,31.5,1.7,0.0,4.0,3.9,,1012.2,,2024,8,02
580,2024-08-03,26.3,23.7,31.5,39.2,0.0,252.0,7.9,,1010.0,,2024,8,03
581,2024-08-04,24.8,22.6,28.7,1.5,0.0,253.0,7.5,,1012.9,,2024,8,04
582,2024-08-05,26.1,19.8,31.0,0.0,0.0,330.0,4.5,,1015.7,,2024,8,05
583,2024-08-06,25.2,22.1,31.0,44.0,0.0,16.0,7.0,,1014.0,,2024,8,06
584,2024-08-07,19.2,17.1,21.0,4.7,0.0,61.0,9.9,,1016.2,,2024,8,07
585,2024-08-08,19.6,18.2,20.4,5.2,0.0,92.0,11.8,,1019.6,,2024,8,08
586,2024-08-09,25.0,20.4,28.2,18.7,0.0,171.0,17.9,,1012.9,,2024,8,09
587,2024-08-10,25.2,19.8,28.7,1.0,0.0,257.0,10.1,,1012.7,,2024,8,10
588,2024-08-11,22.1,16.4,27.4,0.0,0.0,263.0,6.4,,1015.5,,2024,8,11
589,2024-08-12,20.3,14.4,26.0,0.2,0.0,286.0,8.8,,1015.0,,2024,8,12
590,2024-08-13,20.8,14.8,27.4,0.0,0.0,329.0,8.2,,1016.5,,2024,8,13
591,2024-08-14,21.7,16.0,28.4,0.0,0.0,278.0,7.5,,1017.8,,2024,8,14
592,2024-08-15,22.8,16.0,30.4,0.5,0.0,270.0,6.9,,1017.7,,2024,8,15
593,2024-08-16,23.5,17.6,29.3,0.1,0.0,140.0,7.5,,1017.5,,2024,8,16
594,2024-08-17,22.8,19.7,25.4,0.5,0.0,138.0,11.1,,1016.5,,2024,8,17
595,2024-08-18,21.7,20.4,23.2,11.1,0.0,106.0,10.8,,1011.7,,2024,8,18
596,2024-08-19,23.9,20.4,28.7,6.7,0.0,325.0,7.2,,1006.0,,2024,8,19
597,2024-08-20,17.8,12.1,21.4,0.0,0.0,333.0,12.9,,1012.1,,2024,8,20
598,2024-08-21,16.8,11.0,22.6,0.0,0.0,286.0,9.8,,1016.7,,2024,8,21
599,2024-08-22,17.5,11.4,23.7,0.0,0.0,288.0,7.7,,1021.1,,2024,8,22
600,2024-08-23,19.2,11.4,27.1,0.0,0.0,300.0,4.4,,1025.0,,2024,8,23
601,2024-08-24,20.9,13.4,28.4,0.0,0.0,310.0,4.2,,1024.4,,2024,8,24
602,2024-08-25,21.8,16.0,28.2,0.6,0.0,262.0,7.2,,1022.7,,2024,8,25
603,2024-08-26,22.6,17.2,28.6,0.0,0.0,301.0,8.6,,1020.0,,2024,8,26
604,2024-08-27,21.8,16.8,27.9,0.0,0.0,,10.1,,,,2024,8,27
605,2024-08-28,26.2,22.9,32.9,0.0,0.0,,14.4,,,,2024,8,28
606,2024-08-29,23.4,19.6,25.7,0.0,0.0,,15.8,,,,2024,8,29
607,2024-08-30,20.0,16.8,22.4,1.0,0.0,,16.2,,,,2024,8,30
608,2024-08-31,21.1,18.5,24.6,0.0,0.0,,11.9,,,,2024,8,31
609,2024-09-01,23.6,22.4,26.3,1.0,0.0,,13.0,,,,2024,9,01
610,2024-09-02,22.7,15.2,26.3,0.0,0.0,,12.6,,,,2024,9,02
611,2024-09-03,17.8,10.7,22.4,0.0,0.0,,9.4,,,,2024,9,03
612,2024-09-04,16.7,8.7,24.8,0.0,0.0,214.0,6.2,,1030.7,,2024,9,04
613,2024-09-05,16.8,10.4,24.3,0.0,0.0,79.0,6.7,,1028.6,,2024,9,05
614,2024-09-06,18.9,11.4,26.0,0.0,0.0,56.0,6.3,,1019.9,,2024,9,06
615,2024-09-07,18.1,13.7,21.4,6.7,0.0,114.0,8.9,,1011.8,,2024,9,07
616,2024-09-08,14.4,9.4,19.8,0.0,0.0,286.0,11.6,,1014.9,,2024,9,08
617,2024-09-09,15.7,8.2,23.2,0.0,0.0,262.0,9.2,,1018.3,,2024,9,09
618,2024-09-10,18.2,12.1,24.8,0.7,0.0,295.0,9.1,,1018.9,,2024,9,10
619,2024-09-11,16.9,8.4,24.4,0.0,0.0,13.0,5.5,,1023.0,,2024,9,11
620,2024-09-12,18.1,9.8,26.5,0.0,0.0,235.0,6.1,,1024.6,,2024,9,12
621,2024-09-13,19.1,12.1,27.6,0.0,0.0,298.0,4.4,,1024.4,,2024,9,13
622,2024-09-14,20.7,13.2,28.4,0.0,0.0,32.0,6.3,,1024.9,,2024,9,14
623,2024-09-15,19.7,13.2,25.4,0.0,0.0,70.0,5.8,,1027.9,,2024,9,15
624,2024-09-16,17.1,11.0,25.4,0.0,0.0,44.0,5.3,,1027.1,,2024,9,16
625,2024-09-17,19.8,14.8,26.5,0.0,0.0,58.0,6.0,,1023.5,,2024,9,17
626,2024-09-18,19.1,15.4,23.4,0.0,0.0,38.0,5.9,,1019.0,,2024,9,18
627,2024-09-19,21.3,13.4,29.3,0.0,0.0,12.0,7.6,,1013.0,,2024,9,19
628,2024-09-20,20.2,14.8,25.4,0.7,0.0,35.0,11.2,,1014.7,,2024,9,20
629,2024-09-21,19.8,16.0,24.3,0.0,0.0,41.0,13.2,,1016.1,,2024,9,21
630,2024-09-22,17.6,11.4,22.6,0.0,0.0,57.0,8.8,,1017.2,,2024,9,22
631,2024-09-23,15.8,11.4,18.4,1.8,0.0,79.0,9.3,,1018.9,,2024,9,23
632,2024-09-24,15.8,11.4,18.7,0.0,0.0,90.0,9.1,,1021.2,,2024,9,24
633,2024-09-25,16.3,14.3,18.4,1.0,,86.0,8.8,,1022.1,,2024,9,25
634,2024-09-26,20.1,16.4,23.4,5.1,,205.0,8.0,,1018.7,,2024,9,26
635,2024-09-27,20.1,18.2,23.7,0.7,,26.0,3.4,,1016.8,,2024,9,27
636,2024-09-28,18.8,16.4,22.6,4.1,,82.0,11.3,,1015.8,,2024,9,28
637,2024-09-29,16.6,16.0,17.6,2.6,,69.0,7.9,,1017.4,,2024,9,29
638,2024-09-30,17.7,13.4,23.2,0.0,,45.0,6.5,,1017.9,,2024,9,30
639,2024-10-01,16.8,12.1,22.4,0.0,,71.0,8.4,,1018.4,,2024,10,01
